,POSITIVETWEETS,NEUTRALTWEETS,NEGATIVETWEETS
0,RT @Slasher: you should not be able to ping the bomb in Valorant while dead,"RT @StanSmith_jp: Smashlog VALORANTã®ä¼ç”»ã§ã‚«ã‚¹ã‚¿ãƒ ãƒãƒƒãƒã®ã‚¨ã‚¹ã‚«ãƒ¬ãƒ¼ã‚·ãƒ§ãƒ³ãƒ¢ãƒ¼ãƒ‰ã‚’ä»Šã‹ã‚‰åéŒ²ã—ã¾ã™ï¼
ã‚«ã‚¹ã‚¿ãƒ æ¥ã¦ãã‚Œã‚‹æ–¹å‹Ÿé›†ã€€ï¼ ï¼˜
StanSmith#1919ã€€ã¾ã§",valorant is the stupidest game i have ever touched. the fact i have mfs running across my screen going mach one andâ€¦ https://t.co/tTuWrK3dfc
1,"RT @Shiick: New audio added in the 2.03 patch. #VALORANT 
Pretty much nothing. https://t.co/BXKYKaTSei","Ralei a beÃ§a pra juntar EA e comprar Samira pra Riot acabar com ela no patch seguinte, aÃ­ hoje cedo fui inventar deâ€¦ https://t.co/gUEIYjzSGe",can i be in somebodies valorant team ill grind so hard if i have teammates to motivate me
2,Viper FLIES off to Breach ULTIMATE Funny moment #valorantâ€‹ #shorts https://t.co/vwSuSdfZa7 via @YouTube https://t.co/mW6iGbWSZp,"RT @seb_fps: Alrighty my turn to do a GIVEAWAY!

$100 VALORANT Prepaid card

â˜‘ï¸ RT/Follow to enter!
Winner will be picked Monday 2/22

Goodâ€¦",Absolutely ridiculous the amount of throwers there are tonight on valorant!
3,valorant anyone? played at start and wanna play for fun,RT @mxmtoon: cant do work I have valorant brain rot,RT @squidaloo: need more girl friends for valorant :(
4,RT @theScoreesports: When a CS:GO player tries Valorant for the first time https://t.co/7V8EDpND7r,"VALORANTéƒ¨é–€ã®
ãƒ¡ãƒ³ãƒãƒ¼ã‚’ç¨‹å‹Ÿé›†ä¸­âœ¨( á¡ï½¡XAXï½¡á¡ )
æ¡ä»¶æº€ãŸã—ã¦ã‚‹æ–¹ã¯DMã¾ã§ï¼

#VALORANT 
#ãƒ´ã‚¡ãƒ­ãƒ©ãƒ³ãƒˆ 
#VALORANTã‚¯ãƒ©ãƒ³
#VALORANTã‚¯ãƒ©ãƒ³å‹Ÿé›†
#ãƒ´ã‚¡ãƒ­ãƒ©ãƒ³ãƒˆã‚¯ãƒ©ãƒ³å‹Ÿé›† https://t.co/XMZYyeZZfC","RT @blaustoise: Iâ€™m very disappointed in @PlayVALORANT

In 10 years of League balancing we buffed/nerfed champions, we never made it personâ€¦"
5,"put me in top 500 already  #Valorant

ğŸ”— https://t.co/HkAtQwHP14 https://t.co/uED9BmukQQ",RT @alexs0ghost: Reyna takes enemy Sage out ğŸ¨ #Reyge #VALORANTart #VALORANT https://t.co/T2LVB3i2qG,@quackititty_ im done with that game never playing again im switching to valorant
6,OH ALSO! sykkuno released a new valorant video and itâ€™s TOASTKKUNO ğŸ¥°ğŸ¥º so go watch them be the dream duo they are anâ€¦ https://t.co/qy0VOdZ8vn,"RT @Ninja: Valorant 

https://t.co/QC3Dpr8MTr","fucking horrible valorant night.  lost like 6 games with teammates who were a mixture of terrible@ the game, racistâ€¦ https://t.co/2lAmojv77q"
7,iâ€™ve not played Valorant in a hot minute but i hear that Reyna is pretty much poo nowğŸ˜Ÿ,valorantã®æ–°ã—ã„ã‚²ãƒ¼ãƒ ãƒ¢ãƒ¼ãƒ‰ã¡ã‚‡ã£ã¨ãŠã‚‚ã‚ã„,"acho essa parede no valorant muito boa e da pra fazer logo no comeÃ§o do round, vc pode marotar com uma frestas pequâ€¦ https://t.co/wEoTMVI4Ef"
8,i did good in valorant for onceğŸ˜­,"Check out this Valorant clip I recorded with https://t.co/czWTEB0Ryg! #Valorant

ğŸ”— https://t.co/iI7vjkU3cP https://t.co/aXcvOSW75P",If I had access to play valorant I think Iâ€™d be obsessed with it like I was with FN when I first started playing.
9,"@livcoombes valorant seems good, havent played, and its too new IMO to see the peak of what the competitive scene hâ€¦ https://t.co/9pWR3vZJAN","RT @ValorLeaks: Agent 15 Rundown | #VALORANT

~ Codename: ""Codenamed""
~ From Ghana
~ Controller
~ Tier 38 Playcard is Connected
~ Embers coâ€¦",People who can one tap heads in Valorant YOU CRAZY MAYN YOU INSANE ION WANNA GO AGAINST YOU &gt;:(
